{
  "resourceType": "CodeSystem",
  "status": "active",
  "content": "complete",
  "name": "GEM_CS_MEDREQ_ServiceRequestCode",
  "id": "gem-cs-medreq-service-request-code",
  "title": "GEM CS MEDREQ Service Request Code",
  "description": "Codes to identify the type of ServiceRequest",
  "version": "0.9",
  "url": "https://gematik.de/fhir/erpmedreqcom/CodeSystem/gem-cs-medreq-service-request-code",
  "concept": [
    {
      "code": "prescription-request",
      "display": "Anfrage für ein Rezept"
    },
    {
      "code": "dispense-request",
      "display": "Anfrage für die Belieferung eines Rezepts"
    }
  ],
  "count": 2
}
