{
  "resourceType": "Coverage",
  "id": "Response-Coverage",
  "meta": {
    "profile": [
      "https://fhir.kbv.de/StructureDefinition/KBV_PR_FOR_Coverage|1.1.0"
    ]
  },
  "status": "active",
  "extension": [
    {
      "url": "http://fhir.de/StructureDefinition/gkv/besondere-personengruppe",
      "valueCoding": {
        "code": "00",
        "system": "https://fhir.kbv.de/CodeSystem/KBV_CS_SFHIR_KBV_PERSONENGRUPPE"
      }
    },
    {
      "url": "http://fhir.de/StructureDefinition/gkv/dmp-kennzeichen",
      "valueCoding": {
        "code": "00",
        "system": "https://fhir.kbv.de/CodeSystem/KBV_CS_SFHIR_KBV_DMP"
      }
    },
    {
      "url": "http://fhir.de/StructureDefinition/gkv/wop",
      "valueCoding": {
        "code": "72",
        "system": "https://fhir.kbv.de/CodeSystem/KBV_CS_SFHIR_ITA_WOP"
      }
    },
    {
      "url": "http://fhir.de/StructureDefinition/gkv/versichertenart",
      "valueCoding": {
        "code": "3",
        "system": "https://fhir.kbv.de/CodeSystem/KBV_CS_SFHIR_KBV_VERSICHERTENSTATUS"
      }
    }
  ],
  "payor": [
    {
      "identifier": {
        "system": "http://fhir.de/sid/arge-ik/iknr",
        "value": "108416214"
      },
      "display": "AOK Bayern Die Gesundh."
    }
  ],
  "type": {
    "coding": [
      {
        "code": "GKV",
        "system": "http://fhir.de/CodeSystem/versicherungsart-de-basis"
      }
    ]
  },
  "beneficiary": {
    "reference": "Patient/Example-Patient"
  },
  "period": {
    "end": "2040-04-01"
  }
}
