{
  "resourceType": "NamingSystem",
  "id": "GEM-NS-E-Prescription-Token",
  "name": "GEM_NS_EPrescriptionToken",
  "status": "active",
  "kind": "identifier",
  "date": "2023-02-01",
  "publisher": "gematik GmbH",
  "contact": [
    {
      "telecom": [
        {
          "system": "url",
          "value": "https://www.gematik.de/"
        }
      ]
    }
  ],
  "responsible": "gematik GmbH",
  "description": "E-Rezept Token",
  "uniqueId": [
    {
      "type": "uri",
      "value": "https://gematik.de/fhir/erp/NamingSystem/GEM_NS_EPrescriptionToken",
      "preferred": true
    }
  ]
}
