{
  "resourceType": "StructureDefinition",
  "id": "gem-pr-erp-medreq-prescription-service-request",
  "extension": [
    {
      "url": "http://hl7.org/fhir/StructureDefinition/structuredefinition-category",
      "valueString": "Clinical.Care Provision"
    },
    {
      "url": "http://hl7.org/fhir/StructureDefinition/structuredefinition-security-category",
      "valueCode": "patient"
    }
  ],
  "url": "https://gematik.de/fhir/erpmedreqcom/StructureDefinition/gem-pr-erp-medreq-prescription-service-request",
  "version": "1.0",
  "name": "GEM_PR_ERP_MEDREQ_Prescription_ServiceRequest",
  "title": "GEM PR ERP MEDREQ Prescription Service Request",
  "status": "draft",
  "experimental": false,
  "publisher": "gematik GmbH",
  "description": "ServiceRequest that is used to request a prescription from a practitioner",
  "fhirVersion": "4.0.1",
  "mapping": [
    {
      "identity": "workflow",
      "uri": "http://hl7.org/fhir/workflow",
      "name": "Workflow Pattern"
    },
    {
      "identity": "v2",
      "uri": "http://hl7.org/v2",
      "name": "HL7 v2 Mapping"
    },
    {
      "identity": "rim",
      "uri": "http://hl7.org/v3",
      "name": "RIM Mapping"
    },
    {
      "identity": "w5",
      "uri": "http://hl7.org/fhir/fivews",
      "name": "FiveWs Pattern Mapping"
    },
    {
      "identity": "quick",
      "uri": "http://siframework.org/cqf",
      "name": "Quality Improvement and Clinical Knowledge (QUICK)"
    }
  ],
  "kind": "resource",
  "abstract": false,
  "type": "ServiceRequest",
  "baseDefinition": "http://hl7.org/fhir/StructureDefinition/ServiceRequest",
  "derivation": "constraint",
  "differential": {
    "element": [
      {
        "id": "ServiceRequest.meta",
        "path": "ServiceRequest.meta",
        "min": 1
      },
      {
        "id": "ServiceRequest.meta.versionId",
        "path": "ServiceRequest.meta.versionId",
        "max": "0"
      },
      {
        "id": "ServiceRequest.meta.source",
        "path": "ServiceRequest.meta.source",
        "max": "0"
      },
      {
        "id": "ServiceRequest.meta.profile",
        "path": "ServiceRequest.meta.profile",
        "min": 1,
        "max": "1",
        "fixedCanonical": "https://gematik.de/fhir/erpmedreqcom/StructureDefinition/gem-pr-erp-medreq-prescription-service-request"
      },
      {
        "id": "ServiceRequest.meta.security",
        "path": "ServiceRequest.meta.security",
        "max": "0"
      },
      {
        "id": "ServiceRequest.extension:EPrescriptionToken",
        "path": "ServiceRequest.extension",
        "sliceName": "EPrescriptionToken",
        "min": 0,
        "max": "1",
        "type": [
          {
            "code": "Extension",
            "profile": [
              "https://gematik.de/fhir/erpmedreqcom/StructureDefinition/GEM_EX_MEDREQ_EPrescriptionToken"
            ]
          }
        ],
        "mustSupport": true
      },
      {
        "id": "ServiceRequest.identifier",
        "path": "ServiceRequest.identifier",
        "slicing": {
          "discriminator": [
            {
              "type": "pattern",
              "path": "system"
            }
          ],
          "rules": "open",
          "description": "Defines identifiers that can be used for this context"
        },
        "min": 1,
        "mustSupport": true
      },
      {
        "id": "ServiceRequest.identifier:requestId",
        "path": "ServiceRequest.identifier",
        "sliceName": "requestId",
        "min": 1,
        "max": "1",
        "type": [
          {
            "code": "Identifier",
            "profile": [
              "https://gematik.de/fhir/erpmedreqcom/StructureDefinition/gem-erp-medreq-pr-request-identifier"
            ]
          }
        ]
      },
      {
        "id": "ServiceRequest.basedOn",
        "path": "ServiceRequest.basedOn",
        "short": "MedicationRequest, der von der Pflegeeinrichtung gewünscht wird oder vom Arzt erfüllt wurde.",
        "comment": "Einem ServiceRequest ist genau ein MedicationRequest zugeordnet, sodass unabhängige Bearbeitungen möglich sind.",
        "min": 1,
        "max": "1",
        "type": [
          {
            "code": "Reference",
            "targetProfile": [
              "https://gematik.de/fhir/erpmedreqcom/StructureDefinition/GEM-PR-ERP-MEDREQ-MedicationRequest",
              "https://fhir.kbv.de/StructureDefinition/KBV_PR_ERP_Prescription"
            ]
          }
        ],
        "mustSupport": true
      },
      {
        "id": "ServiceRequest.replaces",
        "path": "ServiceRequest.replaces",
        "short": "Wenn eine Pflegeeinrichtung ihre alte Anfrage stornieren möchte und eine neue Stellt, kann hier das zu stornierende ServiceRequest angegeben werden.",
        "comment": "Nur vom Requester zu nutzen, um eine alte Anfrage zu stornieren",
        "max": "1",
        "type": [
          {
            "code": "Reference",
            "targetProfile": [
              "https://gematik.de/fhir/erpmedreqcom/StructureDefinition/gem-pr-erp-medreq-prescription-service-request"
            ]
          }
        ],
        "mustSupport": true
      },
      {
        "id": "ServiceRequest.requisition",
        "path": "ServiceRequest.requisition",
        "short": "Identifier des Vorgangs. Alle ServiceRequests innerhalb eines Vorgangs erhalten die gleiche ID.",
        "comment": "Ist als Fall oder VorgangsID zu verstehen, um nachverfolgen zu können zu welcher Anfrage der ServiceRequest gehört.",
        "min": 1,
        "type": [
          {
            "code": "Identifier",
            "profile": [
              "https://gematik.de/fhir/erpmedreqcom/StructureDefinition/gem-erp-medreq-pr-request-group-identifier"
            ]
          }
        ],
        "mustSupport": true
      },
      {
        "id": "ServiceRequest.status",
        "path": "ServiceRequest.status",
        "short": "Gibt den Bearbeitungsstand eines ServiceRequests an",
        "mustSupport": true,
        "binding": {
          "strength": "required",
          "valueSet": "https://gematik.de/fhir/erpmedreqcom/ValueSet/gem-vs-medreq-request-status"
        }
      },
      {
        "id": "ServiceRequest.intent",
        "path": "ServiceRequest.intent",
        "patternCode": "order"
      },
      {
        "id": "ServiceRequest.code",
        "path": "ServiceRequest.code",
        "short": "Gibt die Art des ServiceRequests an.",
        "comment": "#prescription-request dient der Anfrage eines Rezeptes an einen Arzt. #pharmacy-delivery-request dient als ServiceRequest für eine Apotheke zur Belieferung",
        "min": 1,
        "mustSupport": true,
        "binding": {
          "strength": "required",
          "valueSet": "https://gematik.de/fhir/erpmedreqcom/ValueSet/gem-vs-medreq-service-request-code"
        }
      },
      {
        "id": "ServiceRequest.orderDetail",
        "path": "ServiceRequest.orderDetail",
        "short": "Gibt an wie die Rezeptanfrage erfüllt werden soll.",
        "comment": "Wenn das Rezept an eine Apotheke geht, muss ein entsprechender ServiceRequest im Bundle enthalten sein.",
        "min": 1,
        "max": "1",
        "mustSupport": true,
        "binding": {
          "strength": "required",
          "valueSet": "https://gematik.de/fhir/erpmedreqcom/ValueSet/PrescriptionFullfillmentTypeVS"
        }
      },
      {
        "id": "ServiceRequest.subject",
        "path": "ServiceRequest.subject",
        "type": [
          {
            "code": "Reference",
            "targetProfile": [
              "https://fhir.kbv.de/StructureDefinition/KBV_PR_FOR_Patient"
            ]
          }
        ],
        "mustSupport": true
      },
      {
        "id": "ServiceRequest.occurrence[x]",
        "path": "ServiceRequest.occurrence[x]",
        "short": "Gibt das Datum an, an dem das Rezept ausgestellt werden soll",
        "min": 1,
        "type": [
          {
            "code": "dateTime"
          }
        ],
        "mustSupport": true
      },
      {
        "id": "ServiceRequest.authoredOn",
        "path": "ServiceRequest.authoredOn",
        "short": "Datum der Erstellung des Anfrage",
        "comment": "Wird initial angelegt und dann nicht mehr verändert.",
        "min": 1,
        "mustSupport": true
      },
      {
        "id": "ServiceRequest.requester",
        "path": "ServiceRequest.requester",
        "min": 1,
        "type": [
          {
            "code": "Reference",
            "targetProfile": [
              "https://gematik.de/fhir/erpmedreqcom/StructureDefinition/gem-erp-medrep-organization"
            ]
          }
        ],
        "mustSupport": true
      },
      {
        "id": "ServiceRequest.performerType",
        "path": "ServiceRequest.performerType",
        "short": "Gibt an, wer den ServiceRequest erfüllen soll",
        "comment": "Dient als Unterscheidungsmerkmal für die ServiceRequests.",
        "min": 1,
        "mustSupport": true
      },
      {
        "id": "ServiceRequest.performerType.coding",
        "path": "ServiceRequest.performerType.coding",
        "min": 1,
        "max": "1"
      },
      {
        "id": "ServiceRequest.performerType.coding.system",
        "path": "ServiceRequest.performerType.coding.system",
        "patternUri": "https://gematik.de/fhir/erpmedreqcom/GEM_VS_MEDREQ_PerformerType"
      },
      {
        "id": "ServiceRequest.performerType.coding.code",
        "path": "ServiceRequest.performerType.coding.code",
        "patternCode": "ausstellender-arzt"
      },
      {
        "id": "ServiceRequest.performer",
        "path": "ServiceRequest.performer",
        "type": [
          {
            "code": "Reference",
            "targetProfile": [
              "https://fhir.kbv.de/StructureDefinition/KBV_PR_FOR_Practitioner"
            ]
          }
        ],
        "mustSupport": true
      },
      {
        "id": "ServiceRequest.reasonCode",
        "path": "ServiceRequest.reasonCode",
        "binding": {
          "strength": "required",
          "valueSet": "https://gematik.de/fhir/erpmedreqcom/ValueSet/gem-vs-medreq-medication-request-reason"
        }
      },
      {
        "id": "ServiceRequest.reasonReference",
        "path": "ServiceRequest.reasonReference",
        "type": [
          {
            "code": "Reference",
            "targetProfile": [
              "https://gematik.de/fhir/erpmedreqcom/StructureDefinition/gem-pr-erp-medreq-remaining-medication-observation"
            ]
          }
        ]
      },
      {
        "id": "ServiceRequest.supportingInfo",
        "path": "ServiceRequest.supportingInfo",
        "slicing": {
          "discriminator": [
            {
              "type": "pattern",
              "path": "type"
            }
          ],
          "rules": "open",
          "description": "Unterstützende Informationen zur Rezeptanforderung"
        }
      },
      {
        "id": "ServiceRequest.supportingInfo:AuslieferndeApotheke",
        "path": "ServiceRequest.supportingInfo",
        "sliceName": "AuslieferndeApotheke",
        "min": 0,
        "max": "1",
        "type": [
          {
            "code": "Reference",
            "targetProfile": [
              "https://gematik.de/fhir/erpmedreqcom/StructureDefinition/gem-erp-medrep-organization"
            ]
          }
        ],
        "mustSupport": true
      },
      {
        "id": "ServiceRequest.supportingInfo:AuslieferndeApotheke.type",
        "path": "ServiceRequest.supportingInfo.type",
        "min": 1,
        "patternUri": "Organization"
      },
      {
        "id": "ServiceRequest.supportingInfo:MedikamentenReichweite",
        "path": "ServiceRequest.supportingInfo",
        "sliceName": "MedikamentenReichweite",
        "min": 0,
        "max": "2",
        "type": [
          {
            "code": "Reference",
            "targetProfile": [
              "https://gematik.de/fhir/erpmedreqcom/StructureDefinition/gem-pr-erp-medreq-remaining-medication-observation"
            ]
          }
        ],
        "mustSupport": true
      },
      {
        "id": "ServiceRequest.supportingInfo:MedikamentenReichweite.type",
        "path": "ServiceRequest.supportingInfo.type",
        "min": 1,
        "patternUri": "Observation"
      },
      {
        "id": "ServiceRequest.note",
        "path": "ServiceRequest.note",
        "short": "Weitere Angaben zur Rezeptanforderung",
        "comment": "Eventuell nicht spezifizierte Anwendungsfälle können hier im Freitext platziert werden",
        "mustSupport": true
      }
    ]
  }
}
