{
  "resourceType": "StructureDefinition",
  "id": "gem-erp-medreq-pr-request-group-identifier",
  "url": "https://gematik.de/fhir/erpmedreqcom/StructureDefinition/gem-erp-medreq-pr-request-group-identifier",
  "version": "1.0",
  "name": "GEM_ERP_MEDREQ_PR_RequestGroupIdentifier",
  "title": "GEM ERP MEDREQ Request Group Identifier",
  "status": "draft",
  "experimental": false,
  "publisher": "gematik GmbH",
  "description": "Identifier used to identify a group of ServiceRequests that were triggered in a single operation",
  "fhirVersion": "4.0.1",
  "mapping": [
    {
      "identity": "v2",
      "uri": "http://hl7.org/v2",
      "name": "HL7 v2 Mapping"
    },
    {
      "identity": "rim",
      "uri": "http://hl7.org/v3",
      "name": "RIM Mapping"
    },
    {
      "identity": "servd",
      "uri": "http://www.omg.org/spec/ServD/1.0/",
      "name": "ServD"
    }
  ],
  "kind": "complex-type",
  "abstract": false,
  "type": "Identifier",
  "baseDefinition": "http://hl7.org/fhir/StructureDefinition/Identifier",
  "derivation": "constraint",
  "differential": {
    "element": [
      {
        "id": "Identifier.system",
        "path": "Identifier.system",
        "patternUri": "https://gematik.de/GEM_NS_MEDREQ_RequestGroupId"
      }
    ]
  }
}
