{
  "resourceType": "StructureDefinition",
  "id": "gem-erp-medrep-organization",
  "url": "https://gematik.de/fhir/erpmedreqcom/StructureDefinition/gem-erp-medrep-organization",
  "version": "0.9",
  "name": "GEM_ERP_MEDREP_Organization",
  "title": "GEM ERP MEDREP Organization",
  "status": "active",
  "description": "Organization in MEDREQ Context",
  "fhirVersion": "4.0.1",
  "mapping": [
    {
      "identity": "v2",
      "uri": "http://hl7.org/v2",
      "name": "HL7 v2 Mapping"
    },
    {
      "identity": "rim",
      "uri": "http://hl7.org/v3",
      "name": "RIM Mapping"
    },
    {
      "identity": "servd",
      "uri": "http://www.omg.org/spec/ServD/1.0/",
      "name": "ServD"
    },
    {
      "identity": "w5",
      "uri": "http://hl7.org/fhir/fivews",
      "name": "FiveWs Pattern Mapping"
    }
  ],
  "kind": "resource",
  "abstract": false,
  "type": "Organization",
  "baseDefinition": "https://fhir.kbv.de/StructureDefinition/KBV_PR_Base_Organization",
  "derivation": "constraint",
  "differential": {
    "element": [
      {
        "id": "Organization.identifier",
        "path": "Organization.identifier",
        "min": 1
      },
      {
        "id": "Organization.identifier:KIMAdresse",
        "path": "Organization.identifier",
        "sliceName": "KIMAdresse",
        "min": 1,
        "max": "1",
        "type": [
          {
            "code": "Identifier",
            "profile": [
              "https://gematik.de/fhir/erpmedreqcom/StructureDefinition/gem-pr-medreq-kim-adresse"
            ]
          }
        ],
        "mustSupport": true
      },
      {
        "id": "Organization.identifier:TIMAdresse",
        "path": "Organization.identifier",
        "sliceName": "TIMAdresse",
        "min": 0,
        "max": "1",
        "type": [
          {
            "code": "Identifier",
            "profile": [
              "https://gematik.de/fhir/erpmedreqcom/StructureDefinition/gem-pr-medreq-tim-adresse"
            ]
          }
        ]
      }
    ]
  }
}
