{
  "resourceType": "StructureDefinition",
  "id": "GEM-PR-MEDREQ-Abgabeinformationen",
  "extension": [
    {
      "url": "http://hl7.org/fhir/StructureDefinition/structuredefinition-category",
      "valueString": "Clinical.Medications"
    },
    {
      "url": "http://hl7.org/fhir/StructureDefinition/structuredefinition-security-category",
      "valueCode": "patient"
    }
  ],
  "url": "https://gematik.de/fhir/erpmedreqcom/StructureDefinition/GEM-PR-MEDREQ-Abgabeinformationen",
  "version": "1.0",
  "name": "GEM_PR_MEDREQ_Abgabeinformationen",
  "title": "GEM_PR_MEDREQ_Abgabeinformationen",
  "status": "draft",
  "experimental": false,
  "publisher": "gematik GmbH",
  "description": "Abgabeinformationen der Apotheke",
  "fhirVersion": "4.0.1",
  "mapping": [
    {
      "identity": "workflow",
      "uri": "http://hl7.org/fhir/workflow",
      "name": "Workflow Pattern"
    },
    {
      "identity": "rim",
      "uri": "http://hl7.org/v3",
      "name": "RIM Mapping"
    },
    {
      "identity": "w5",
      "uri": "http://hl7.org/fhir/fivews",
      "name": "FiveWs Pattern Mapping"
    },
    {
      "identity": "rx-dispense-rmim",
      "uri": "http://www.hl7.org/v3/PORX_RM020070UV",
      "name": "V3 Pharmacy Dispense RMIM"
    },
    {
      "identity": "v2",
      "uri": "http://hl7.org/v2",
      "name": "HL7 v2 Mapping"
    }
  ],
  "kind": "resource",
  "abstract": false,
  "type": "MedicationDispense",
  "baseDefinition": "http://hl7.org/fhir/StructureDefinition/MedicationDispense",
  "derivation": "constraint",
  "differential": {
    "element": [
      {
        "id": "MedicationDispense.meta",
        "path": "MedicationDispense.meta",
        "min": 1
      },
      {
        "id": "MedicationDispense.meta.versionId",
        "path": "MedicationDispense.meta.versionId",
        "max": "0"
      },
      {
        "id": "MedicationDispense.meta.source",
        "path": "MedicationDispense.meta.source",
        "max": "0"
      },
      {
        "id": "MedicationDispense.meta.profile",
        "path": "MedicationDispense.meta.profile",
        "min": 1,
        "max": "1",
        "fixedCanonical": "https://gematik.de/fhir/erpmedreqcom/StructureDefinition/GEM-PR-MEDREQ-Abgabeinformationen"
      },
      {
        "id": "MedicationDispense.meta.security",
        "path": "MedicationDispense.meta.security",
        "max": "0"
      },
      {
        "id": "MedicationDispense.performer.actor",
        "path": "MedicationDispense.performer.actor",
        "type": [
          {
            "code": "Reference",
            "targetProfile": [
              "https://fhir.kbv.de/StructureDefinition/KBV_PR_FOR_Organization"
            ]
          }
        ]
      },
      {
        "id": "MedicationDispense.authorizingPrescription.reference",
        "path": "MedicationDispense.authorizingPrescription.reference",
        "max": "0"
      },
      {
        "id": "MedicationDispense.authorizingPrescription.identifier",
        "path": "MedicationDispense.authorizingPrescription.identifier",
        "type": [
          {
            "code": "Identifier",
            "profile": [
              "https://gematik.de/fhir/erp/StructureDefinition/GEM_ERP_PR_PrescriptionId"
            ]
          }
        ]
      }
    ]
  }
}
