{
  "resourceType": "StructureDefinition",
  "id": "gem-pr-medreq-tim-adresse",
  "url": "https://gematik.de/fhir/erpmedreqcom/StructureDefinition/gem-pr-medreq-tim-adresse",
  "version": "1.0",
  "name": "GEM_PR_MEDREQ_TIMAdresse",
  "title": "GEM PR MEDREQ TIM-Adresse",
  "status": "draft",
  "experimental": false,
  "publisher": "gematik GmbH",
  "description": "Identifier zur Angabe der TIM-Adresse",
  "fhirVersion": "4.0.1",
  "mapping": [
    {
      "identity": "v2",
      "uri": "http://hl7.org/v2",
      "name": "HL7 v2 Mapping"
    },
    {
      "identity": "rim",
      "uri": "http://hl7.org/v3",
      "name": "RIM Mapping"
    },
    {
      "identity": "servd",
      "uri": "http://www.omg.org/spec/ServD/1.0/",
      "name": "ServD"
    }
  ],
  "kind": "complex-type",
  "abstract": false,
  "type": "Identifier",
  "baseDefinition": "http://hl7.org/fhir/StructureDefinition/Identifier",
  "derivation": "constraint",
  "differential": {
    "element": [
      {
        "id": "Identifier.system",
        "path": "Identifier.system",
        "patternUri": "http://gematik.de/fhir/sid/TIM-Adresse"
      }
    ]
  }
}
