{
  "resourceType": "StructureDefinition",
  "id": "PatientIdEX",
  "url": "https://gematik.de/fhir/erpmedreqcom/StructureDefinition/PatientIdEX",
  "version": "1.0",
  "name": "PatientIdEX",
  "status": "draft",
  "experimental": false,
  "publisher": "gematik GmbH",
  "description": "Extension for the Identifier of the Patient, defined by the initial creator of the reuqest bundle",
  "fhirVersion": "4.0.1",
  "mapping": [
    {
      "identity": "rim",
      "uri": "http://hl7.org/v3",
      "name": "RIM Mapping"
    }
  ],
  "kind": "complex-type",
  "abstract": false,
  "context": [
    {
      "type": "element",
      "expression": "Element"
    }
  ],
  "type": "Extension",
  "baseDefinition": "http://hl7.org/fhir/StructureDefinition/Extension",
  "derivation": "constraint",
  "differential": {
    "element": [
      {
        "id": "Extension.extension",
        "path": "Extension.extension",
        "max": "0"
      },
      {
        "id": "Extension.url",
        "path": "Extension.url",
        "fixedUri": "https://gematik.de/fhir/erpmedreqcom/StructureDefinition/PatientIdEX"
      },
      {
        "id": "Extension.value[x]",
        "path": "Extension.value[x]",
        "type": [
          {
            "code": "string"
          }
        ]
      }
    ]
  }
}
