{
  "resourceType": "StructureDefinition",
  "id": "gem-pr-erp-medreq-remaining-medication-observation",
  "extension": [
    {
      "url": "http://hl7.org/fhir/StructureDefinition/structuredefinition-category",
      "valueString": "Clinical.Diagnostics"
    },
    {
      "url": "http://hl7.org/fhir/StructureDefinition/structuredefinition-security-category",
      "valueCode": "patient"
    }
  ],
  "url": "https://gematik.de/fhir/erpmedreqcom/StructureDefinition/gem-pr-erp-medreq-remaining-medication-observation",
  "version": "1.0",
  "name": "GEM_PR_ERP_MEDREQ_RemainingMedication_Observation",
  "title": "GEM PR ERP MEDREQ Remaining Medication Observation ",
  "status": "draft",
  "experimental": false,
  "publisher": "gematik GmbH",
  "description": "Describes how long the remaining medication will last",
  "fhirVersion": "4.0.1",
  "mapping": [
    {
      "identity": "workflow",
      "uri": "http://hl7.org/fhir/workflow",
      "name": "Workflow Pattern"
    },
    {
      "identity": "sct-concept",
      "uri": "http://snomed.info/conceptdomain",
      "name": "SNOMED CT Concept Domain Binding"
    },
    {
      "identity": "v2",
      "uri": "http://hl7.org/v2",
      "name": "HL7 v2 Mapping"
    },
    {
      "identity": "rim",
      "uri": "http://hl7.org/v3",
      "name": "RIM Mapping"
    },
    {
      "identity": "w5",
      "uri": "http://hl7.org/fhir/fivews",
      "name": "FiveWs Pattern Mapping"
    },
    {
      "identity": "sct-attr",
      "uri": "http://snomed.org/attributebinding",
      "name": "SNOMED CT Attribute Binding"
    }
  ],
  "kind": "resource",
  "abstract": false,
  "type": "Observation",
  "baseDefinition": "http://hl7.org/fhir/StructureDefinition/Observation",
  "derivation": "constraint",
  "differential": {
    "element": [
      {
        "id": "Observation.meta",
        "path": "Observation.meta",
        "min": 1
      },
      {
        "id": "Observation.meta.versionId",
        "path": "Observation.meta.versionId",
        "max": "0"
      },
      {
        "id": "Observation.meta.source",
        "path": "Observation.meta.source",
        "max": "0"
      },
      {
        "id": "Observation.meta.profile",
        "path": "Observation.meta.profile",
        "min": 1,
        "max": "1",
        "fixedCanonical": "https://gematik.de/fhir/erpmedreqcom/StructureDefinition/gem-pr-erp-medreq-remaining-medication-observation"
      },
      {
        "id": "Observation.meta.security",
        "path": "Observation.meta.security",
        "max": "0"
      },
      {
        "id": "Observation.status",
        "path": "Observation.status",
        "fixedCode": "final"
      },
      {
        "id": "Observation.code",
        "path": "Observation.code",
        "binding": {
          "strength": "required",
          "valueSet": "https://gematik.de/fhir/erpmedreqcom/ValueSet/gem-vs-medreq-medication-range"
        }
      },
      {
        "id": "Observation.code.coding.code",
        "path": "Observation.code.coding.code",
        "patternCode": "range-of-medication"
      },
      {
        "id": "Observation.subject",
        "path": "Observation.subject",
        "min": 1,
        "type": [
          {
            "code": "Reference",
            "targetProfile": [
              "http://hl7.org/fhir/StructureDefinition/Patient"
            ]
          }
        ]
      },
      {
        "id": "Observation.value[x]",
        "path": "Observation.value[x]",
        "min": 1,
        "type": [
          {
            "code": "Quantity"
          },
          {
            "code": "dateTime"
          }
        ],
        "mustSupport": true
      }
    ]
  }
}
