{
  "resourceType": "StructureDefinition",
  "id": "CancellationReasonTypeEX",
  "url": "https://gematik.de/fhir/erpmedreqcom/StructureDefinition/CancellationReasonTypeEX",
  "version": "1.0",
  "name": "CancellationReasonTypeEX",
  "status": "draft",
  "experimental": false,
  "publisher": "gematik GmbH",
  "description": "Definition of reasons why a prescriptionRequest was cancelled.",
  "fhirVersion": "4.0.1",
  "mapping": [
    {
      "identity": "rim",
      "uri": "http://hl7.org/v3",
      "name": "RIM Mapping"
    }
  ],
  "kind": "complex-type",
  "abstract": false,
  "context": [
    {
      "type": "element",
      "expression": "Element"
    }
  ],
  "type": "Extension",
  "baseDefinition": "http://hl7.org/fhir/StructureDefinition/Extension",
  "derivation": "constraint",
  "differential": {
    "element": [
      {
        "id": "Extension.extension",
        "path": "Extension.extension",
        "max": "0"
      },
      {
        "id": "Extension.url",
        "path": "Extension.url",
        "fixedUri": "https://gematik.de/fhir/erpmedreqcom/StructureDefinition/CancellationReasonTypeEX"
      },
      {
        "id": "Extension.value[x]",
        "path": "Extension.value[x]",
        "type": [
          {
            "code": "Coding"
          }
        ],
        "binding": {
          "strength": "required",
          "valueSet": "https://gematik.de/fhir/erpmedreqcom/ValueSet/CancellationReasonTypeVS",
          "description": "Grund für die Stornierung"
        }
      },
      {
        "id": "Extension.value[x].system",
        "path": "Extension.value[x].system",
        "min": 1
      },
      {
        "id": "Extension.value[x].code",
        "path": "Extension.value[x].code",
        "min": 1
      }
    ]
  }
}
