{
  "resourceType": "ValueSet",
  "status": "active",
  "name": "GEM_VS_MEDREQ_MedicationRange",
  "id": "gem-vs-medreq-medication-range",
  "title": "GEM VS MEDREQ Medication Range",
  "description": "ValueSet to state why medication is needed",
  "version": "0.9",
  "url": "https://gematik.de/fhir/erpmedreqcom/ValueSet/gem-vs-medreq-medication-range",
  "compose": {
    "include": [
      {
        "system": "https://gematik.de/fhir/erpmedreqcom/CodeSystem/gem-cs-medreq-medication-range"
      }
    ]
  }
}
