{
  "resourceType": "ValueSet",
  "status": "draft",
  "name": "MessageEventTypeVS",
  "id": "MessageEventTypeVS",
  "title": "ValueSet of messages types used for requesting medications",
  "description": "This type defines  types used for requesting medications",
  "version": "1.0",
  "url": "https://gematik.de/fhir/erpmedreqcom/ValueSet/MessageEventTypeVS",
  "experimental": false,
  "publisher": "gematik GmbH",
  "compose": {
    "include": [
      {
        "system": "https://gematik.de/fhir/erpmedreqcom/CodeSystem/MessageEventTypeCS"
      }
    ]
  }
}
