{
  "resourceType": "ValueSet",
  "status": "draft",
  "name": "GEM_VS_MEDREQ_ServiceRequestCode",
  "id": "gem-vs-medreq-service-request-code",
  "title": "GEM VS MEDREQ Service Request Code",
  "description": "Codes to identify the type of ServiceRequest",
  "version": "1.0",
  "url": "https://gematik.de/fhir/erpmedreqcom/ValueSet/GEM_VS_MEDREQ_ServiceRequestCode",
  "experimental": false,
  "publisher": "gematik GmbH",
  "compose": {
    "include": [
      {
        "system": "https://gematik.de/fhir/erpmedreqcom/CodeSystem/gem-cs-medreq-service-request-code"
      }
    ]
  }
}
